{
  "accuracy": 0.9,
  "precision": 0.9023569023569024,
  "recall": 0.9,
  "f1": 0.899749373433584
}